,Stock,Positive Imbalance,Variable,ROC_AUC,Accuracy
0,gme,0.5519713261648745,weighted_score,0.46054481460453073,0.5571428571428572
1,gme,0.5519713261648745,vader_score,0.4300945508820038,0.5
2,gme,0.5519713261648745,count,0.5118431226042625,0.5142857142857142
3,gme,0.5519713261648745,normal,0.5265676139895628,0.5428571428571428
4,gme,0.5519713261648745,bert_score,0.4375284073360134,0.5285714285714286
5,amc,0.5483870967741935,weighted_score,0.5470587176947745,0.5428571428571428
6,amc,0.5483870967741935,vader_score,0.5219366841162045,0.4857142857142857
7,amc,0.5483870967741935,count,0.4793493527164686,0.5428571428571428
8,amc,0.5483870967741935,normal,0.5370327402848519,0.5428571428571428
9,amc,0.5483870967741935,bert_score,0.4748082366534616,0.4857142857142857
10,wish,0.5519713261648745,weighted_score,0.523055179891115,0.5142857142857142
11,wish,0.5519713261648745,vader_score,0.523055179891115,0.5142857142857142
12,wish,0.5519713261648745,count,0.49274615264968535,0.5285714285714286
13,wish,0.5519713261648745,normal,0.5575864302381637,0.5285714285714286
14,wish,0.5519713261648745,bert_score,0.5499592799875315,0.5142857142857142
15,spy,0.3978494623655914,weighted_score,0.49157572208999667,0.5571428571428572
16,spy,0.3978494623655914,vader_score,0.4636518693054401,0.5714285714285714
17,spy,0.3978494623655914,count,0.43695615068259325,0.5714285714285714
18,spy,0.3978494623655914,normal,0.4920026777424461,0.5714285714285714
19,spy,0.3978494623655914,bert_score,0.43975771041246714,0.5857142857142857
20,clov,0.5698924731182796,weighted_score,0.5343860937180913,0.5714285714285714
21,clov,0.5698924731182796,vader_score,0.549283037220725,0.5428571428571428
22,clov,0.5698924731182796,count,0.4335149752478945,0.5571428571428572
23,clov,0.5698924731182796,normal,0.513481564940992,0.5571428571428572
24,clov,0.5698924731182796,bert_score,0.5261622790190211,0.5714285714285714
25,bb,0.5161290322580645,weighted_score,0.5495731961100355,0.4857142857142857
26,bb,0.5161290322580645,vader_score,0.5348760116821445,0.4857142857142857
27,bb,0.5161290322580645,count,0.4738545404890794,0.5714285714285714
28,bb,0.5161290322580645,normal,0.5479793573626454,0.5142857142857142
29,bb,0.5161290322580645,bert_score,0.5266033800650181,0.42857142857142855
